{
    "$schema": "http://json-schema.org/draft-04/schema",
    "type": "object",
    "title": "Key-Data POST and PATCH schema",
    "description": "Describes the schema for the Key-Data POST and PATCH endpoints",
    "minProperties": 1,
    "properties": {
        "appRefIdFD": {
            "id": "#/properties/appRefIdFD",
            "type": "string",
            "title": "The appRefIdFD schema",
            "description": "appRefIdFD from FinanceDriver"
        },
        "dealRefIdFD": {
            "id": "#/properties/dealRefIdFD",
            "type": "string",
            "title": "The dealRefIdFD schema",
            "description": "dealRefIdFD from FinanceDriver"
        },
        "appRefIdFDInt": {
            "id": "#/properties/appRefIdFD",
            "type": "string",
            "title": "The appRefIdFD schema",
            "description": "FinanceDriver Internal reference number which will be numeric string"
        },
        "dealRefIdFDInt": {
            "id": "#/properties/dealRefIdFD",
            "type": "string",
            "title": "The dealRefIdFD schema",
            "description": "FinanceDriver Internal reference number which will be numeric string"
        },
        "partnerCode": {
            "id": "#/properties/partnerCode",
            "type": "string",
            "title": "The partnerCode schema",
            "description": "partnerCode from FinanceDriver"
        },
        "sourcePartnerId": {
            "id": "#/properties/sourcePartnerId",
            "type": "string",
            "title": "The sourcePartnerId schema",
            "description": "sourcePartnerId from FinanceDriver"
        },
        "sourcePartnerDealerId": {
            "id": "#/properties/sourcePartnerDealerId",
            "type": "string",
            "title": "The sourcePartnerDealerId schema",
            "description": "sourcePartnerDealerId from FinanceDriver"
        },
        "dealJacketId": {
            "id": "#/properties/dealJacketId",
            "type": "string",
            "title": "The dealJacketId schema",
            "description": "dealJacketId from UniFI"
        },
        "dealRefIdFI": {
            "id": "#/properties/dealRefIdFI",
            "type": "string",
            "title": "The dealRefIdFI schema",
            "description": "dealRefIdFI from UniFI"
        },
        "dealIdFI": {
            "id": "#/properties/dealIdFI",
            "type": "string",
            "title": "The dealIdFI schema",
            "description": "dealIdFI from UniFI"
        },
        "dealId": {
            "id": "#/properties/dealId",
            "type": "string",
            "title": "The dealId schema",
            "description": "dealIdFI from IDL"
        },
        "dealerId": {
            "id": "#/properties/dealerId",
            "type": "string",
            "title": "The dealerId schema",
            "description": "dealerId from UniFI"
        },
        "dealerCode": {
            "id": "#/properties/dealerCode",
            "type": "string",
            "title": "The dealerCode schema",
            "description": "The DT dealerCode"
        },
        "documentMasterIndexIdFI": {
            "id": "#/properties/documentMasterIndexIdFI",
            "type": "string",
            "title": "The documentMasterIndexIdFI schema",
            "description": "documentMasterIndexIdFI from UniFI"
        },
        "documentMasterIndexId": {
            "id": "#/properties/documentMasterIndexId",
            "type": "string",
            "title": "The documentMasterIndexId schema",
            "description": "documentMasterIndexIdFI from IDL"
        },
        "conversationId": {
            "id": "#/properties/conversationId",
            "type": "string",
            "title": "The conversationId schema",
            "description": "conversationId from RouteOne"
        },
        "creditAppIdR1": {
            "id": "#/properties/creditAppIdR1",
            "type": "string",
            "title": "The creditAppIdR1 schema",
            "description": "creditAppIdR1 from RouteOne"
        },
        "targetPlatformId": {
            "id": "#/properties/targetPlatformId",
            "type": "string",
            "title": "The targetPlatformId schema",
            "description": "Type of targetPlatformId"
        },
        "proxyPartnerId": {
            "id": "#/properties/proxyPartnerId",
            "type": "string",
            "title": "The proxyPartnerId schema",
            "description": "proxyPartnerId to support proxy between different partners"
        },
        "dealXgDealId": {
            "id": "#/properties/dealXgDealId",
            "type": "string",
            "title": "The dealXgDealId schema",
            "description": "dealXgDealId is dealXG dealId"
        },
        "dealXgDealVersion": {
            "id": "#/properties/dealXgDealVersion",
            "type": "string",
            "title": "The dealXgDealVersion schema",
            "description": "dealXgDealVersion is dealXG deal version"
        },
        "commonOrgId": {
            "id": "#/properties/commonOrgId",
            "type": "string",
            "title": "The commonOrgId schema",
            "description": "commonOrgId from commonOrg API for given dealerCode"
        }
    },
    "additionalProperties": false
}
