{
    "$schema": "https://raw.githubusercontent.com/googleapis/release-please/main/schemas/config.json",
    "release-type": "simple",
    "changelog-host": "https://ghe.coxautoinc.com",
    "include-component-in-tag": false,
    "extra-label": "do-not-close",
    "packages": {
        ".": {
            "changelog-sections": [
                {
                    "type": "ci",
                    "section": "CI configuration",
                    "hidden": false
                },
                {
                    "type": "chore",
                    "section": "Routine Maintenance",
                    "hidden": false
                },
                {
                    "type": "docs",
                    "section": "Documentations",
                    "hidden": false
                },
                {
                    "type": "feat",
                    "section": "Features",
                    "hidden": false
                },
                {
                    "type": "fix",
                    "section": "Bug Fixes",
                    "hidden": false
                },
                {
                    "type": "refactor",
                    "section": "Code Refactoring",
                    "hidden": false
                },
                {
                    "type": "test",
                    "section": "Automated tests",
                    "hidden": false
                }
            ]
        }
    }
}
